{
  "engineName": "offer",
  "endpointBase": "https://video-games-695116.ent.eastus2.azure.elastic-cloud.com",
  "searchKey": "search-8wafzdes1gj4axj2jbwgeb2h",
  "resultFields": [
    "quantity_unit",
    "product",
    "quantity",
    "client_ref",
    "limited",
    "one_unit_price",
    "valid_from",
    "created_at",
    "published",
    "expiration_date",
    "offer_price",
    "regular_price",
    "ref",
    "category_id",
    "updated_at",
    "user_id",
    "product_id",
    "valid_to",
    "image_id",
    "id"
  ],
  "sortFields": [

  ],
  "facets": [

  ],
  "titleField": "product"
}
