{
  "engineName": "product",
  "endpointBase": "https://video-games-695116.ent.eastus2.azure.elastic-cloud.com",
  "searchKey": "search-8wafzdes1gj4axj2jbwgeb2h",
  "resultFields": [
    "chain_id",
    "retailer_id",
    "weight",
    "created_at",
    "source",
    "title",
    "segment_code",
    "retailer_client_ref",
    "manufacturer",
    "brick_code",
    "ref",
    "weight_unit",
    "updated_at",
    "subtitle",
    "image_id",
    "is_local",
    "barcode",
    "class_code",
    "family_code",
    "id"
  ],
  "sortFields": [

  ],
  "facets": [

  ],
  "titleField": "title"
}
